Workbook

Sheet Dashboard
A1: Prop-Firm Tracker — Dashboard
A3: EVALS
A4: Evals bought | B4: =COUNTA(Accounts!A2:A100000)
A5: Passed | B5: =COUNTIF(Accounts!D:D,"Passed")
A6: Failed | B6: =COUNTIF(Accounts!D:D,"Failed")
A7: Pass rate | B7: =IFERROR(COUNTIF(Accounts!D:D,"Passed")/(COUNTIF(Accounts!D:D,"Passed")+COUNTIF(Accounts!D:D,"Failed")),0)
A8: Total eval spend | B8: =SUM(Accounts!C:C)
A10: PAYOUTS
A11: Total payouts | B11: =SUM(Payouts!C:C)
A12: Number of payouts | B12: =COUNT(Payouts!C:C)
A13: Average payout | B13: =IFERROR(AVERAGE(Payouts!C:C),0)
A14: NET (payouts - spend) | B14: =SUM(Payouts!C:C)-SUM(Accounts!C:C)
A15: Return multiple | B15: =IFERROR(SUM(Payouts!C:C)/SUM(Accounts!C:C),0)
A17: TRADES
A18: Trades logged | B18: =COUNTIF(Trades!I:I,"TP")+COUNTIF(Trades!I:I,"SL")+COUNTIF(Trades!I:I,"BE")
A19: Wins (TP) | B19: =COUNTIF(Trades!I:I,"TP")
A20: Losses (SL) | B20: =COUNTIF(Trades!I:I,"SL")
A21: Win rate | B21: =IFERROR(COUNTIF(Trades!I:I,"TP")/(COUNTIF(Trades!I:I,"TP")+COUNTIF(Trades!I:I,"SL")),0)
A22: Total R | B22: =SUM(Trades!J:J)
A23: Avg R / trade | B23: =IFERROR(AVERAGE(Trades!J:J),0)
A25: Note: win rate / R here are a VISUAL tally of what you log — not a validated backtest. Costs & slippage not included.

Sheet Accounts
A1: Firm | B1: Account size | C1: Eval cost ($) | D1: Result | E1: Date bought | F1: Notes
A2: Topstep | B2: 50k | C2: 49 | D2: Passed | E2: 2026-06-01 | F2: activation $149 on pass
A3: Lucid | B3: 50k | C3: 100 | D3: Failed | E3: 2026-06-02
A4: TradiFy | B4: 50k | C4: 100 | D4: Pending | E4: 2026-06-03

Sheet Trades
A1: Date | B1: Block | C1: Account | D1: Dir | E1: Type | F1: Entry | G1: SL | H1: TP | I1: Result | J1: R | K1: PnL ($)
A2: 2026-06-01 | B2: NY-AM | C2: Topstep | D2: Short | E2: Continuation | F2: 21850 | G2: 21875 | H2: 21812.5 | I2: TP | J2: =IF(I2="","",IF(I2="TP",1.5,IF(I2="SL",-1,0)))
A3: 2026-06-01 | B3: NY-AM | C3: Topstep | D3: Long | E3: Reversion | F3: 21820 | G3: 21795 | H3: 21857.5 | I3: SL | J3: =IF(I3="","",IF(I3="TP",1.5,IF(I3="SL",-1,0)))
J4: =IF(I4="","",IF(I4="TP",1.5,IF(I4="SL",-1,0)))
J5: =IF(I5="","",IF(I5="TP",1.5,IF(I5="SL",-1,0)))
J6: =IF(I6="","",IF(I6="TP",1.5,IF(I6="SL",-1,0)))
J7: =IF(I7="","",IF(I7="TP",1.5,IF(I7="SL",-1,0)))
J8: =IF(I8="","",IF(I8="TP",1.5,IF(I8="SL",-1,0)))
J9: =IF(I9="","",IF(I9="TP",1.5,IF(I9="SL",-1,0)))
J10: =IF(I10="","",IF(I10="TP",1.5,IF(I10="SL",-1,0)))
J11: =IF(I11="","",IF(I11="TP",1.5,IF(I11="SL",-1,0)))
J12: =IF(I12="","",IF(I12="TP",1.5,IF(I12="SL",-1,0)))
J13: =IF(I13="","",IF(I13="TP",1.5,IF(I13="SL",-1,0)))
J14: =IF(I14="","",IF(I14="TP",1.5,IF(I14="SL",-1,0)))
J15: =IF(I15="","",IF(I15="TP",1.5,IF(I15="SL",-1,0)))
... J399: =IF(I399="","",IF(I399="TP",1.5,IF(I399="SL",-1,0)))

Sheet Payouts
A1: Date | B1: Firm | C1: Amount ($) | D1: Notes
A2: 2026-06-10 | B2: Topstep | C2: 1500 | D2: first payout, 50% of 3k
